"start","end","peptide","clade"
1,16,"MRVKETQMNWPNLWK","CRF01"
1,16,"MRVMGIQKNYPLLWR","CRF02"
1,16,"MRVMGIQRNCQHLWR","A"
1,16,"MRVKGIRKNYQHLWR","B"
1,16,"MRVRGILRNWQQWWI","C"
1,16,"MRVRGIERNYQHLWR","D"
1,16,"MRVMGIQRNWQHLWR","M"
4,19,"KETQMNWPNLWKWGT","CRF01"
4,19,"MGIQKNYPLLWRWGT","CRF02"
4,19,"MGIQRNCQHLWRWGT","A"
4,19,"KGIRKNYQHLWRWGT","B"
4,19,"RGILRNWQQWWIWGI","C"
4,19,"RGIERNYQHLWRWGT","D"
4,19,"MGIQRNWQHLWRWGT","M"
6,22,"QMNWPNLWKWGTLIL","CRF01"
6,22,"QKNYPLLWRWGTIIF","CRF02"
6,22,"QRNCQHLWRWGTMIL","A"
6,22,"RKNYQHLWRWGTMLL","B"
6,22,"LRNWQQWWIWGILGF","C"
6,22,"ERNYQHLWRWGTMLL","D"
6,22,"QRNWQHLWRWGTLIL","M"
7,25,"WPNLWKWGTLILGLV","CRF01"
7,25,"YPLLWRWGTIIFWIM","CRF02"
7,25,"CQHLWRWGTMILGMI","A"
7,25,"YQHLWRWGTMLLGML","B,D"
7,25,"WQQWWIWGILGFWML","C"
7,25,"WQHLWRWGTLILGML","M"
10,28,"LWKWGTLILGLVIIC","CRF01"
10,28,"LWRWGTIIFWIMIIC","CRF02"
10,28,"LWRWGTMILGMIIIC","A"
10,28,"LWRWGTMLLGMLMIC","B,D"
10,28,"WWIWGILGFWMLMIC","C"
10,28,"LWRWGTLILGMLIIC","M"
17,31,"WGTLILGLVIICSAS","CRF01"
17,32,"WGTIIFWIMIICNAE","CRF02"
17,31,"WGTMILGMIIICSAA","A"
17,31,"WGTMLLGMLMICSAA","B"
17,31,"WGILGFWMLMICNVV","C"
17,31,"WGTMLLGMLMICSVA","D"
17,31,"WGTLILGMLIICSAA","M"
20,34,"LILGLVIICSASDNL","CRF01"
20,34,"IIFWIMIICNAENL","CRF02"
20,34,"MILGMIIICSAAENL","A"
20,34,"MLLGMLMICSAAEQL","B"
20,34,"LGFWMLMICNVVGNL","C"
20,34,"MLLGMLMICSVAEQL","D"
20,34,"LILGMLIICSAAENL","M"
23,37,"GLVIICSASDNLWVT","CRF01"
23,37,"WIMIICNAENLWVT","CRF02"
23,37,"GMIIICSAAENLWVT","A"
23,37,"GMLMICSAAEQLWVT","B"
23,37,"WMLMICNVVGNLWVT","C"
23,37,"GMLMICSVAEQLWVT","D"
23,37,"GMLIICSAAENLWVT","M"
26,40,"IICSASDNLWVTVYY","CRF01"
26,40,"IICNAENLWVTVYY","CRF02"
26,40,"MICSAAEQLWVTVYY","B"
26,40,"MICNVVGNLWVTVYY","C"
26,40,"MICSVAEQLWVTVYY","D"
26,40,"IICSAAENLWVTVYY","M,A"
29,43,"SASDNLWVTVYYGVP","CRF01"
29,43,"NAENLWVTVYYGVP","CRF02"
29,43,"SAAEQLWVTVYYGVP","B"
29,43,"NVVGNLWVTVYYGVP","C"
29,43,"SVAEQLWVTVYYGVP","D"
29,43,"SAAENLWVTVYYGVP","M,A"
32,46,"DNLWVTVYYGVPVWR","CRF01"
33,46,"NLWVTVYYGVPVWR","CRF02"
32,46,"EQLWVTVYYGVPVWK","B,D"
32,46,"GNLWVTVYYGVPVWK","C"
32,46,"ENLWVTVYYGVPVWK","M,A"
35,49,"WVTVYYGVPVWRDAD","CRF01"
35,49,"WVTVYYGVPVWRDAE","CRF02"
35,49,"WVTVYYGVPVWKDAE","A"
35,49,"WVTVYYGVPVWKEAK","C"
35,49,"WVTVYYGVPVWKEAT","M,B,D"
38,52,"VYYGVPVWRDADTTL","CRF01"
38,52,"VYYGVPVWRDAETTL","CRF02"
38,52,"VYYGVPVWKDAETTL","A"
38,52,"VYYGVPVWKEAKTTL","C"
38,52,"VYYGVPVWKEATTTL","M,B,D"
41,55,"GVPVWRDADTTLFCA","CRF01"
41,55,"GVPVWRDAETTLFCA","CRF02"
41,55,"GVPVWKDAETTLFCA","A"
41,55,"GVPVWKEAKTTLFCA","C"
41,55,"GVPVWKEATTTLFCA","M,B,D"
44,58,"VWRDADTTLFCASDA","CRF01"
44,58,"VWRDAETTLFCASDA","CRF02"
44,58,"VWKDAETTLFCASDA","A"
44,58,"VWKEAKTTLFCASDA","C"
44,58,"VWKEATTTLFCASDA","M,B,D"
47,61,"DADTTLFCASDAKAH","CRF01"
47,61,"DAETTLFCASDAKAY","A,CRF02"
47,61,"EAKTTLFCASDAKAY","C"
47,61,"EATTTLFCASDAKSY","D"
47,61,"EATTTLFCASDAKAY","M,B"
50,64,"TTLFCASDAKAHETE","CRF01"
50,64,"TTLFCASDAKAYDTE","B,CRF02"
50,64,"TTLFCASDAKAYEKE","C"
50,64,"TTLFCASDAKSYKTE","D"
50,64,"TTLFCASDAKAYETE","M,A"
53,67,"FCASDAKAHETEVHN","CRF01"
53,67,"FCASDAKAYDTEVHN","B,CRF02"
53,67,"FCASDAKAYEKEVHN","C"
53,67,"FCASDAKSYKTEAHN","D"
53,67,"FCASDAKAYETEVHN","M,A"
56,70,"SDAKAHETEVHNVWA","CRF01"
56,70,"SDAKAYDTEVHNVWA","B,CRF02"
56,70,"SDAKAYEKEVHNVWA","C"
56,70,"SDAKSYKTEAHNIWA","D"
56,70,"SDAKAYETEVHNVWA","M,A"
59,73,"KAHETEVHNVWATHA","CRF01"
59,73,"KAYDTEVHNVWATHA","B,CRF02"
59,73,"KAYEKEVHNVWATHA","C"
59,73,"KSYKTEAHNIWATHA","D"
59,73,"KAYETEVHNVWATHA","M,A"
62,76,"DTEVHNVWATHACVP","B,CRF02"
62,76,"EKEVHNVWATHACVP","C"
62,76,"KTEAHNIWATHACVP","D"
62,76,"ETEVHNVWATHACVP","M,A,CRF01"
65,79,"AHNIWATHACVPTDP","D"
65,79,"VHNVWATHACVPTDP","M,A,B,C,CRF01,CRF02"
68,82,"IWATHACVPTDPNPQ","D"
68,82,"VWATHACVPTDPNPQ","M,A,B,C,CRF01,CRF02"
71,85,"THACVPTDPNPQEIH","A,CRF01,CRF02"
71,85,"THACVPTDPNPQEVV","B"
71,85,"THACVPTDPNPQEIK","D"
71,85,"THACVPTDPNPQEIV","M,C"
74,88,"CVPTDPNPQEIHLEN","A,CRF01,CRF02"
74,88,"CVPTDPNPQEVVLEN","B"
74,88,"CVPTDPNPQEIKLEN","D"
74,88,"CVPTDPNPQEIVLEN","M,C"
77,91,"TDPNPQEIHLENVTE","A,CRF01,CRF02"
77,91,"TDPNPQEVVLENVTE","B"
77,91,"TDPNPQEIKLENVTE","D"
77,91,"TDPNPQEIVLENVTE","M,C"
80,94,"NPQEIHLENVTENFN","CRF01,CRF02"
80,94,"NPQEIHLENVTEEFN","A"
80,94,"NPQEVVLENVTENFN","B"
80,94,"NPQEIKLENVTENFN","D"
80,94,"NPQEIVLENVTENFN","M,C"
83,97,"EIHLENVTENFNMWK","CRF01,CRF02"
83,97,"EIHLENVTEEFNMWK","A"
83,97,"EVVLENVTENFNMWK","B"
83,97,"EIKLENVTENFNMWK","D"
83,97,"EIVLENVTENFNMWK","M,C"
86,100,"LENVTEEFNMWKNNM","A"
86,100,"LENVTENFNMWKNDM","C"
86,100,"LENVTENFNMWKNNM","M,B,D,CRF01,CRF02"
89,103,"VTEEFNMWKNNMVEQ","A"
89,103,"VTENFNMWKNDMVDQ","C"
89,103,"VTENFNMWKNNMVEQ","M,B,D,CRF01,CRF02"
92,106,"NFNMWKNNMVEQMQE","CRF01"
92,106,"EFNMWKNNMVEQMHT","A"
92,106,"NFNMWKNDMVDQMHE","C"
92,106,"NFNMWKNNMVEQMHE","M,B,D,CRF02"
95,109,"MWKNNMVEQMQEDVI","CRF01"
95,109,"MWKNNMVEQMHTDII","A"
95,109,"MWKNDMVDQMHEDII","C"
95,109,"MWKNNMVEQMHEDII","M,B,D,CRF02"
98,112,"NNMVEQMQEDVISLW","CRF01"
98,112,"NNMVEQMHTDIISLW","A"
98,112,"NDMVDQMHEDIISLW","C"
98,112,"NNMVEQMHEDIISLW","M,B,D,CRF02"
101,115,"VEQMQEDVISLWDQS","CRF01"
101,115,"VEQMHTDIISLWDQS","A"
101,115,"VDQMHEDIISLWDQS","C"
101,115,"VEQMHEDIISLWDQS","M,B,D,CRF02"
104,118,"MQEDVISLWDQSLKP","CRF01"
104,118,"MHTDIISLWDQSLKP","A"
104,118,"MHEDIISLWDQSLKP","M,B,C,D,CRF02"
107,121,"DVISLWDQSLKPCVK","CRF01"
107,121,"DIISLWDQSLKPCVK","M,A,B,C,D,CRF02"
110,124,"SLWDQSLKPCVKLTP","M,A,B,C,D,CRF01,CRF02"
113,127,"DQSLKPCVKLTPLCV","M,A,B,C,D,CRF01,CRF02"
116,130,"LKPCVKLTPLCVTLN","M,A,B,C,D,CRF01,CRF02"
119,133,"CVKLTPLCVTLNCHN","CRF02"
119,133,"CVKLTPLCVTLNCSN","A"
119,133,"CVKLTPLCVTLNCTD","B,D"
119,133,"CVKLTPLCVTLNCTN","M,C,CRF01"
122,136,"LTPLCVTLNCTNANL","CRF01"
122,136,"LTPLCVTLNCHNVNN","CRF02"
122,136,"LTPLCVTLNCSNVNN","A"
122,136,"LTPLCVTLNCTDLNN","B"
122,136,"LTPLCVTLNCTNVNV","C"
122,136,"LTPLCVTLNCTDWKN","D"
122,136,"LTPLCVTLNCTNVNN","M"
125,139,"LCVTLNCTNANLTNV","CRF01"
125,139,"LCVTLNCHNVNNSNS","CRF02"
125,139,"LCVTLNCSNVNNNNT","A"
125,139,"LCVTLNCTDLNNNTT","B"
125,139,"LCVTLNCTNVNVNNT","C"
125,139,"LCVTLNCTDWKNNNT","D"
125,139,"LCVTLNCTNVNNNNT","M"
128,142,"TLNCTNANLTNVNNT","CRF01"
128,142,"TLNCHNVNNSNSNIS","CRF02"
128,142,"TLNCSNVNNNNTNIT","A"
128,142,"TLNCTDLNNNTTTTN","B"
128,140,"TLNCTNVNVNNTN","C"
128,142,"TLNCTDWKNNNTTNN","D"
128,142,"TLNCTNVNNNNTNIT","M"
131,145,"CTNANLTNVNNTTNV","CRF01"
131,145,"CHNVNNSNSNISSNM","CRF02"
131,145,"CSNVNNNNTNITSDM","A"
131,145,"CTDLNNNTTTTNSSS","B"
131,145,"CTNVNVNNTNNSM","C"
131,145,"CTDWKNNNTTNNTTT","D"
131,145,"CTNVNNNNTNITSNM","M"
134,148,"ANLTNVNNTTNVSNI","CRF01"
134,153,"VNNSNSNISSNMQGE","CRF02"
134,153,"VNNNNTNITSDMKEE","A"
134,149,"LNNNTTTTNSSSEKM","B"
134,153,"VNVNNTNNSMKGE","C"
134,152,"WKNNNTTNNTTTEDI","D"
134,153,"VNNNNTNITSNMKGE","M"
137,151,"TNVNNTTNVSNIIGN","CRF01"
137,156,"SNSNISSNMQGEIKN","CRF02"
137,156,"NNTNITSDMKEEIKN","A"
137,152,"NTTTTNSSSEKMEKG","B"
137,156,"NNTNNSMKGEIKN","C"
137,155,"NNTTNNTTTEDIEMK","D"
137,156,"NNTNITSNMKGEIKN","M"
140,159,"NISSNMQGEIKNCSF","CRF02"
140,152,"NNTTNVSNIIGNITD","CRF01"
143,155,"TNVSNIIGNITDEVR","CRF01"
147,159,"NIIGNITDEVRNCSF","CRF01"
140,159,"NITSDMKEEIKNCSF","A"
140,155,"TTNSSSEKMEKGEIK","B"
143,158,"SSSEKMEKGEIKNCS","B"
144,159,"SSEKMEKGEIKNCSF","B"
140,159,"NNSMKGEIKNCSF","C"
140,158,"TNNTTTEDIEMKNCS","D"
141,159,"NNTTTEDIEMKNCSF","D"
140,159,"NITSNMKGEIKNCSF","M"
150,162,"GNITDEVRNCSFNMT","CRF01"
143,162,"SNMQGEIKNCSFNMT","CRF02"
143,162,"SDMKEEIKNCSFNMT","A"
147,162,"KMEKGEIKNCSFNIT","B"
141,162,"NSMKGEIKNCSFNTT","C"
144,162,"TTEDIEMKNCSFNIT","D"
143,162,"SNMKGEIKNCSFNMT","M"
152,165,"TDEVRNCSFNMTTEL","CRF01"
146,165,"QGEIKNCSFNMTTEL","CRF02"
146,165,"KEEIKNCSFNMTTEL","A"
151,165,"KGEIKNCSFNITTSI","B"
146,165,"KGEIKNCSFNTTTEI","C"
147,165,"DIEMKNCSFNITTEV","D"
146,165,"KGEIKNCSFNMTTEI","M"
154,168,"VRNCSFNMTTELRDK","CRF01"
154,168,"IKNCSFNMTTELRDK","A,CRF02"
154,168,"IKNCSFNITTSIRDK","B"
154,168,"IKNCSFNTTTEIRDK","C"
154,168,"MKNCSFNITTEVRDK","D"
154,168,"IKNCSFNMTTEIRDK","M"
157,171,"CSFNMTTELRDKKQK","A,CRF01,CRF02"
157,171,"CSFNITTSIRDKVQK","B"
157,171,"CSFNTTTEIRDKKQK","C"
157,171,"CSFNITTEVRDKKKQ","D"
157,171,"CSFNMTTEIRDKKQK","M"
160,174,"NMTTELRDKKQKVYA","CRF01,CRF02"
160,174,"NMTTELRDKKQKVYS","A"
160,174,"NITTSIRDKVQKEYA","B"
160,174,"NTTTEIRDKKQKVYA","C"
160,174,"NITTEVRDKKKQVYA","D"
160,174,"NMTTEIRDKKQKVYA","M"
163,177,"TELRDKKQKVYALFY","CRF01,CRF02"
163,177,"TELRDKKQKVYSLFY","A"
163,177,"TSIRDKVQKEYALFY","B"
163,177,"TEVRDKKKQVYALFY","D"
163,177,"TEIRDKKQKVYALFY","M,C"
166,180,"RDKKQKVYALFYKLD","CRF01"
166,180,"RDKKQKVYSLFYRLD","A"
166,180,"RDKVQKEYALFYKLD","B"
166,180,"RDKKKQVYALFYKLD","D"
166,180,"RDKKQKVYALFYRLD","M,C,CRF02"
169,183,"KQKVYALFYKLDIVQ","CRF01"
169,183,"KQKVYALFYRLDVVQ","CRF02"
169,183,"KQKVYSLFYRLDVVQ","A"
169,183,"VQKEYALFYKLDVVP","B"
169,183,"KQKVYALFYRLDIVP","C"
169,183,"KKQVYALFYKLDVVP","D"
169,183,"KQKVYALFYRLDVVP","M"
172,185,"VYALFYKLDIVQIEN","CRF01"
172,185,"VYALFYRLDVVQINE","CRF02"
172,185,"VYSLFYRLDVVQINE","A"
172,186,"EYALFYKLDVVPIDN","B"
172,185,"VYALFYRLDIVPLNE","C"
172,185,"VYALFYKLDVVPIDN","D"
172,186,"VYALFYRLDVVPINN","M"
175,188,"LFYKLDIVQIENNNS","CRF01"
175,188,"LFYRLDVVQINENNS","CRF02"
175,187,"LFYRLDVVQINENSN","A"
175,189,"LFYKLDVVPIDNDNT","B"
175,188,"LFYRLDIVPLNENNS","C"
175,188,"LFYKLDVVPIDNNNN","D"
175,189,"LFYRLDVVPINNNSS","M"
178,191,"KLDIVQIENNNSSEY","CRF01"
178,191,"RLDVVQINENNSSQY","CRF02"
178,190,"RLDVVQINENSNSSE","A"
178,192,"KLDVVPIDNDNTSYR","B"
178,191,"RLDIVPLNENNSSEY","C"
178,191,"KLDVVPIDNNNNTSY","D"
178,192,"RLDVVPINNNSSEYR","M"
181,194,"IVQIENNNSSEYRLI","CRF01"
181,194,"VVQINENNSSQYRLI","CRF02"
181,193,"VVQINENSNSSEYRL","A"
181,195,"VVPIDNDNTSYRLIS","B"
181,194,"IVPLNENNSSEYRLI","C"
181,194,"VVPIDNNNNTSYRLI","D"
181,195,"VVPINNNSSEYRLIN","M"
184,197,"IENNNSSEYRLINCN","CRF01"
184,197,"INENNSSQYRLINCN","CRF02"
184,196,"INENSNSSEYRLINC","A"
184,198,"IDNDNTSYRLISCNT","B"
184,197,"LNENNSSEYRLINCN","C"
184,197,"IDNNNNTSYRLINCN","D"
184,198,"INNNSSEYRLINCNT","M"
186,200,"NNSSEYRLINCNTSV","CRF01"
187,201,"NSSEYRLINCNTSVI","CRF01"
186,200,"NNSSQYRLINCNTSA","CRF02"
187,201,"NSSQYRLINCNTSAI","CRF02"
186,199,"NSNSSEYRLINCNTS","A"
187,201,"NSSEYRLINCNTSAI","M,A"
187,201,"DNTSYRLISCNTSVI","B"
186,200,"NNSSEYRLINCNTST","C"
187,201,"NSSEYRLINCNTSTI","C"
186,200,"NNNTSYRLINCNTSA","D"
187,201,"NNTSYRLINCNTSAI","D"
190,204,"EYRLINCNTSVIKQA","CRF01"
190,204,"QYRLINCNTSAITQA","CRF02"
190,204,"SYRLISCNTSVITQA","B"
190,204,"EYRLINCNTSTITQA","C"
190,204,"SYRLINCNTSAITQA","D"
190,204,"EYRLINCNTSAITQA","M,A"
193,207,"LINCNTSVIKQACPK","CRF01"
193,207,"LISCNTSVITQACPK","B"
193,207,"LINCNTSTITQACPK","C"
193,207,"LINCNTSAITQACPK","M,A,D,CRF02"
196,210,"CNTSVIKQACPKISF","CRF01"
196,210,"CNTSVITQACPKVSF","B"
196,210,"CNTSTITQACPKVSF","C"
196,210,"CNTSAITQACPKVTF","D"
196,210,"CNTSAITQACPKVSF","M,A,CRF02"
199,213,"SVIKQACPKISFDPI","CRF01"
199,213,"SVITQACPKVSFEPI","B"
199,213,"STITQACPKVSFDPI","C"
199,213,"SAITQACPKVTFEPI","D"
199,213,"SAITQACPKVSFEPI","M,A,CRF02"
202,216,"KQACPKISFDPIPIH","CRF01"
202,216,"TQACPKVSFDPIPIH","C"
202,216,"TQACPKVTFEPIPIH","D"
202,216,"TQACPKVSFEPIPIH","M,A,B,CRF02"
205,219,"CPKISFDPIPIHYCT","CRF01"
205,219,"CPKVSFDPIPIHYCA","C"
205,219,"CPKVTFEPIPIHYCA","D"
205,219,"CPKVSFEPIPIHYCA","M,A,B,CRF02"
208,222,"ISFDPIPIHYCTPAG","CRF01"
208,222,"VSFDPIPIHYCAPAG","C"
208,222,"VTFEPIPIHYCAPAG","D"
208,222,"VSFEPIPIHYCAPAG","M,A,B,CRF02"
211,225,"DPIPIHYCTPAGYAI","CRF01"
211,225,"DPIPIHYCAPAGYAI","C"
211,225,"EPIPIHYCAPAGFAI","M,A,B,D,CRF02"
214,228,"PIHYCTPAGYAILKC","CRF01"
214,228,"PIHYCAPAGYAILKC","C"
214,228,"PIHYCAPAGFAILKC","M,A,B,D,CRF02"
217,231,"YCTPAGYAILKCNDK","CRF01"
217,231,"YCAPAGFAILKCKDK","A"
217,231,"YCAPAGYAILKCNNK","C"
217,231,"YCAPAGFAILKCNDK","M,B,D,CRF02"
220,234,"PAGYAILKCNDKNFN","CRF01"
220,234,"PAGFAILKCNDKEFN","CRF02"
220,234,"PAGFAILKCKDKEFN","A"
220,234,"PAGFAILKCNDKKFN","B,D"
220,234,"PAGYAILKCNNKTFN","C"
220,234,"PAGFAILKCNDKTFN","M"
223,237,"YAILKCNDKNFNGTG","CRF01"
223,237,"FAILKCNDKEFNGTG","CRF02"
223,237,"FAILKCKDKEFNGTG","A"
223,237,"FAILKCNDKKFNGTG","B,D"
223,237,"YAILKCNNKTFNGTG","C"
223,237,"FAILKCNDKTFNGTG","M"
226,240,"LKCNDKNFNGTGPCK","CRF01"
226,240,"LKCNDKEFNGTGPCK","CRF02"
226,240,"LKCKDKEFNGTGPCK","A"
226,240,"LKCNDKKFNGTGPCT","B"
226,240,"LKCNNKTFNGTGPCN","C"
226,240,"LKCNDKKFNGTGPCK","D"
226,240,"LKCNDKTFNGTGPCK","M"
229,243,"NDKNFNGTGPCKNVS","CRF01"
229,243,"NDKEFNGTGPCKNVS","CRF02"
229,243,"KDKEFNGTGPCKNVS","A"
229,243,"NDKKFNGTGPCTNVS","B"
229,243,"NNKTFNGTGPCNNVS","C"
229,243,"NDKKFNGTGPCKNVS","D"
229,243,"NDKTFNGTGPCKNVS","M"
232,246,"NFNGTGPCKNVSSVQ","CRF01"
232,246,"EFNGTGPCKNVSTVQ","A,CRF02"
232,246,"KFNGTGPCTNVSTVQ","B"
232,246,"TFNGTGPCNNVSTVQ","C"
232,246,"KFNGTGPCKNVSTVQ","D"
232,246,"TFNGTGPCKNVSTVQ","M"
235,249,"GTGPCKNVSSVQCTH","CRF01"
235,249,"GTGPCTNVSTVQCTH","B"
235,249,"GTGPCNNVSTVQCTH","C"
235,249,"GTGPCKNVSTVQCTH","M,A,D,CRF02"
238,252,"PCKNVSSVQCTHGIK","CRF01"
238,252,"PCTNVSTVQCTHGIR","B"
238,252,"PCNNVSTVQCTHGIK","C"
238,252,"PCKNVSTVQCTHGIK","M,A,D,CRF02"
241,255,"NVSSVQCTHGIKPVV","CRF01"
241,255,"NVSTVQCTHGIRPVV","B"
241,255,"NVSTVQCTHGIKPVV","M,A,C,D,CRF02"
244,258,"SVQCTHGIKPVVSTQ","CRF01"
244,258,"TVQCTHGIRPVVSTQ","B"
244,258,"TVQCTHGIKPVVSTQ","M,A,C,D,CRF02"
247,261,"CTHGIRPVVSTQLLL","B"
247,261,"CTHGIKPVVSTQLLL","M,A,C,D,CRF01,CRF02"
250,264,"GIRPVVSTQLLLNGS","B"
250,264,"GIKPVVSTQLLLNGS","M,A,C,D,CRF01,CRF02"
253,267,"PVVSTQLLLNGSLAE","M,A,B,C,D,CRF01,CRF02"
256,270,"STQLLLNGSLAEGEV","A"
256,270,"STQLLLNGSLAEEEV","B"
256,270,"STQLLLNGSLAEEEI","M,C,D,CRF01,CRF02"
259,273,"LLLNGSLAEEEIVIR","CRF02"
259,273,"LLLNGSLAEGEVMIR","A"
259,273,"LLLNGSLAEEEVVIR","B"
259,273,"LLLNGSLAEEEIIIR","M,C,D,CRF01"
262,276,"NGSLAEEEIVIRSEN","CRF02"
262,276,"NGSLAEGEVMIRSEN","A"
262,276,"NGSLAEEEVVIRSEN","B"
262,276,"NGSLAEEEIIIRSEN","M,C,D,CRF01"
265,279,"LAEEEIVIRSENITN","CRF02"
265,279,"LAEGEVMIRSENITN","A"
265,279,"LAEEEVVIRSENFTD","B"
265,279,"LAEEEIIIRSENLTN","C,D,CRF01"
265,279,"LAEEEIIIRSENITN","M"
268,282,"EEIVIRSENITNNAK","CRF02"
268,282,"GEVMIRSENITNNAK","A"
268,282,"EEVVIRSENFTDNAK","B"
268,282,"EEIIIRSENLTNNAK","C,D,CRF01"
268,282,"EEIIIRSENITNNAK","M"
271,285,"VIRSENITNNAKTII","CRF02"
271,285,"MIRSENITNNAKNII","A"
271,285,"VIRSENFTDNAKTII","B"
271,285,"IIRSENLTNNAKTII","C,CRF01"
271,285,"IIRSENLTNNAKIII","D"
271,285,"IIRSENITNNAKTII","M"
274,288,"SENITNNAKNIIVQL","A"
274,288,"SENFTDNAKTIIVQL","B"
274,288,"SENLTNNAKTIIVHL","C,CRF01"
274,288,"SENLTNNAKIIIVQL","D"
274,288,"SENITNNAKTIIVQL","M,CRF02"
277,291,"LTNNAKTIIVHLNKS","CRF01"
277,291,"ITNNAKTIIVQLNEP","CRF02"
277,291,"ITNNAKNIIVQLTEP","A"
277,291,"FTDNAKTIIVQLNES","B"
277,291,"LTNNAKTIIVHLNES","C"
277,291,"LTNNAKIIIVQLNES","D"
277,291,"ITNNAKTIIVQLNES","M"
280,294,"NAKTIIVHLNKSVEI","CRF01"
280,294,"NAKTIIVQLNEPVKI","CRF02"
280,294,"NAKNIIVQLTEPVKI","A"
280,294,"NAKTIIVHLNESVEI","C"
280,294,"NAKIIIVQLNESVTI","D"
280,294,"NAKTIIVQLNESVEI","M,B"
283,297,"TIIVHLNKSVEINCT","CRF01"
283,297,"TIIVQLNEPVKINCT","CRF02"
283,297,"NIIVQLTEPVKINCT","A"
283,297,"TIIVHLNESVEIVCT","C"
283,297,"IIIVQLNESVTINCT","D"
283,297,"TIIVQLNESVEINCT","M,B"
286,300,"VHLNKSVEINCTRPS","CRF01"
286,300,"VQLNEPVKINCTRPG","CRF02"
286,300,"VQLTEPVKINCTRPN","A"
286,300,"VHLNESVEIVCTRPN","C"
286,300,"VQLNESVTINCTRPY","D"
286,300,"VQLNESVEINCTRPN","M,B"
289,303,"NKSVEINCTRPSNNT","CRF01"
289,303,"NEPVKINCTRPGNNT","CRF02"
289,303,"TEPVKINCTRPNNNT","A"
289,303,"NESVEIVCTRPNNNT","C"
289,303,"NESVTINCTRPYNNT","D"
289,303,"NESVEINCTRPNNNT","M,B"
292,306,"VEINCTRPSNNTRTS","CRF01"
292,306,"VKINCTRPGNNTRKS","CRF02"
292,306,"VKINCTRPNNNTRKS","A"
292,306,"VEIVCTRPNNNTRKS","C"
292,306,"VTINCTRPYNNTRQS","D"
292,306,"VEINCTRPNNNTRKS","M,B"
295,309,"NCTRPSNNTRTSITI","CRF01"
295,309,"NCTRPGNNTRKSVRI","CRF02"
295,309,"NCTRPNNNTRKSVRI","A"
295,309,"VCTRPNNNTRKSIRI","C"
295,309,"NCTRPYNNTRQSTHI","D"
295,309,"NCTRPNNNTRKSIHI","M,B"
298,314,"RPSNNTRTSITIGPG","CRF01"
298,314,"RPGNNTRKSVRIGPG","CRF02"
298,314,"RPNNNTRKSVRIGPG","A"
298,314,"RPNNNTRKSIRIGPG","C"
298,314,"RPYNNTRQSTHIGPG","D"
298,314,"RPNNNTRKSIHIGPG","M,B"
301,317,"NNTRTSITIGPGQVF","CRF01"
301,317,"NNTRKSVRIGPGQTF","CRF02"
301,317,"NNTRKSVRIGPGQAF","A"
301,317,"NNTRKSIHIGPGRAF","B"
301,317,"NNTRKSIRIGPGQTF","C"
301,317,"NNTRQSTHIGPGQAL","D"
301,317,"NNTRKSIHIGPGQAF","M"
304,320,"RTSITIGPGQVFYRT","CRF01"
304,320,"RKSVRIGPGQTFYAT","CRF02"
304,320,"RKSVRIGPGQAFYAT","A"
304,320,"RKSIHIGPGRAFYAT","B"
304,320,"RKSIRIGPGQTFYAT","C"
304,320,"RQSTHIGPGQALYTT","D"
304,320,"RKSIHIGPGQAFYAT","M"
307,322,"ITIGPGQVFYRTGDI","CRF01"
307,322,"VRIGPGQTFYATGDI","CRF02"
307,322,"VRIGPGQAFYATGDI","A"
307,322,"IHIGPGRAFYATGDI","B"
307,322,"IRIGPGQTFYATGDI","C"
307,322,"THIGPGQALYTTRI","D"
307,322,"IHIGPGQAFYATGDI","M"
310,325,"GPGQVFYRTGDIIGD","CRF01"
310,325,"GPGRAFYATGDIIGD","B"
310,325,"GPGQTFYATGDIIGD","C,CRF02"
310,325,"GPGQALYTTRIIGD","D"
310,325,"GPGQAFYATGDIIGD","M,A"
315,328,"QVFYRTGDIIGDIRK","CRF01"
315,328,"RAFYATGDIIGDIRQ","B"
315,328,"QTFYATGDIIGDIRQ","C,CRF02"
315,328,"QALYTTRIIGDIRQ","D"
315,328,"QAFYATGDIIGDIRQ","M,A"
318,331,"YRTGDIIGDIRKAYC","CRF01"
318,331,"YTTRIIGDIRQAHC","D"
318,331,"YATGDIIGDIRQAHC","M,A,B,C,CRF02"
321,334,"GDIIGDIRKAYCEIN","CRF01"
321,334,"GDIIGDIRQAHCNVS","A,CRF02"
321,334,"RIIGDIRQAHCNIS","D"
321,334,"GDIIGDIRQAHCNIS","M,B,C"
323,337,"IGDIRKAYCEINGTK","CRF01"
323,337,"IGDIRQAHCNVSRTE","CRF02"
323,337,"IGDIRQAHCNVSRSE","A"
323,337,"IGDIRQAHCNISRAK","B"
323,337,"IGDIRQAHCNISKEK","C"
323,337,"IGDIRQAHCNISGAK","D"
323,337,"IGDIRQAHCNISRTK","M"
326,340,"IRKAYCEINGTKWNE","CRF01"
326,340,"IRQAHCNVSRTEWNN","CRF02"
326,340,"IRQAHCNVSRSEWNK","A"
326,340,"IRQAHCNISRAKWNN","B"
326,340,"IRQAHCNISKEKWNK","C"
326,340,"IRQAHCNISGAKWNK","D"
326,340,"IRQAHCNISRTKWNK","M"
329,343,"AYCEINGTKWNETLK","CRF01"
329,343,"AHCNVSRTEWNNTLQ","CRF02"
329,343,"AHCNVSRSEWNKTLQ","A"
329,343,"AHCNISRAKWNNTLK","B"
329,343,"AHCNISKEKWNKTLQ","C"
329,343,"AHCNISGAKWNKTLQ","D"
329,343,"AHCNISRTKWNKTLQ","M"
332,346,"EINGTKWNETLKQVT","CRF01"
332,346,"NVSRTEWNNTLQQVA","CRF02"
332,346,"NVSRSEWNKTLQKVA","A"
332,346,"NISRAKWNNTLKQIV","B"
332,346,"NISKEKWNKTLQRVK","C"
332,346,"NISGAKWNKTLQQVA","D"
332,346,"NISRTKWNKTLQQVA","M"
335,349,"GTKWNETLKQVTEKL","CRF01"
335,349,"RTEWNNTLQQVATQL","CRF02"
335,349,"RSEWNKTLQKVATQL","A"
335,349,"RAKWNNTLKQIVKKL","B"
335,349,"KEKWNKTLQRVKKKL","C"
335,349,"GAKWNKTLQQVAKKL","D"
335,349,"RTKWNKTLQQVATKL","M"
338,352,"WNETLKQVTEKLKEH","CRF01"
338,352,"WNNTLQQVATQLRKY","CRF02"
338,352,"WNKTLQKVATQLRKY","A"
338,352,"WNNTLKQIVKKLREQ","B"
338,352,"WNKTLQRVKKKLKEH","C"
338,352,"WNKTLQQVAKKLGDL","D"
338,352,"WNKTLQQVATKLKEH","M"
341,357,"TLKQVTEKLKEHFNK","CRF01"
341,356,"TLQQVATQLRKYFNN","CRF02"
341,357,"TLQKVATQLRKYFNK","A"
341,356,"TLKQIVKKLREQFGN","B"
341,356,"TLQRVKKKLKEHFPN","C"
341,356,"TLQQVAKKLGDLLNK","D"
341,357,"TLQQVATKLKEHFNK","M"
344,360,"QVTEKLKEHFNKTII","CRF01"
344,359,"QVATQLRKYFNNTTI","CRF02"
344,360,"KVATQLRKYFNKTII","A"
344,359,"QIVKKLREQFGNKTI","B"
344,359,"RVKKKLKEHFPNKTI","C"
344,359,"QVAKKLGDLLNKTTI","D"
344,360,"QVATKLKEHFNKTII","M"
347,363,"EKLKEHFNKTIIFQP","CRF01"
347,362,"TQLRKYFNNTTIIFA","CRF02"
347,363,"TQLRKYFNKTIIFTN","A"
347,362,"KKLREQFGNKTIVFN","B"
347,362,"KKLKEHFPNKTIKFA","C"
347,362,"KKLGDLLNKTTIIFK","D"
347,363,"TKLKEHFNKTIIFNP","M"
350,366,"KEHFNKTIIFQPPSG","CRF01"
350,365,"RKYFNNTTIIFANSS","CRF02"
350,366,"RKYFNKTIIFTNSSG","A"
350,365,"REQFGNKTIVFNQSS","B"
350,365,"KEHFPNKTIKFAPSS","C"
350,365,"GDLLNKTTIIFKPSS","D"
350,366,"KEHFNKTIIFNPSSG","M"
353,369,"FNKTIIFQPPSGGDL","CRF01"
353,368,"FNNTTIIFANSSGGD","CRF02"
354,369,"NNTTIIFANSSGGDL","CRF02"
353,369,"FNKTIIFTNSSGGDL","A"
353,368,"FGNKTIVFNQSSGGD","B"
354,369,"GNKTIVFNQSSGGDP","B"
353,368,"FPNKTIKFAPSSGGD","C"
354,369,"PNKTIKFAPSSGGDL","C"
353,368,"LNKTTIIFKPSSGGD","D"
354,369,"NKTTIIFKPSSGGDP","D"
353,369,"FNKTIIFNPSSGGDL","M"
358,372,"TIIFQPPSGGDLEIT","CRF01"
358,372,"TIIFANSSGGDLEIT","CRF02"
358,372,"TIIFTNSSGGDLEIT","A"
358,372,"TIVFNQSSGGDPEIV","B"
358,372,"TIKFAPSSGGDLEIT","C"
358,372,"TIIFKPSSGGDPEIT","D"
358,372,"TIIFNPSSGGDLEIT","M"
361,375,"FQPPSGGDLEITMHH","CRF01"
361,375,"FANSSGGDLEITTHS","CRF02"
361,375,"FTNSSGGDLEITTHS","A"
361,375,"FNQSSGGDPEIVMHS","B"
361,375,"FAPSSGGDLEITTHS","C"
361,375,"FKPSSGGDPEITTHS","D"
361,375,"FNPSSGGDLEITTHS","M"
364,378,"PSGGDLEITMHHFNC","CRF01"
364,378,"SSGGDPEIVMHSFNC","B"
364,378,"SSGGDPEITTHSFNC","D"
364,378,"SSGGDLEITTHSFNC","M,A,C,CRF02"
367,381,"GDLEITMHHFNCRGE","CRF01"
367,381,"GDLEITTHSFNCGGE","A,CRF02"
367,381,"GDPEIVMHSFNCGGE","B"
367,381,"GDPEITTHSFNCGGE","D"
367,381,"GDLEITTHSFNCRGE","M,C"
370,384,"EITMHHFNCRGEFFY","CRF01"
370,384,"EITTHSFNCGGEFFY","A,D,CRF02"
370,384,"EIVMHSFNCGGEFFY","B"
370,384,"EITTHSFNCRGEFFY","M,C"
373,387,"MHHFNCRGEFFYCNT","CRF01"
373,387,"THSFNCGGEFFYCNT","A,D,CRF02"
373,387,"MHSFNCGGEFFYCNT","B"
373,387,"THSFNCRGEFFYCNT","M,C"
376,390,"FNCRGEFFYCNTTKL","CRF01"
376,390,"FNCGGEFFYCNTSGL","A,D,CRF02"
376,390,"FNCGGEFFYCNTTQL","B"
376,390,"FNCRGEFFYCNTSKL","C"
376,390,"FNCRGEFFYCNTSGL","M"
379,393,"RGEFFYCNTTKLFNS","CRF01"
379,393,"GGEFFYCNTSGLFNS","A,D,CRF02"
379,393,"GGEFFYCNTTQLFNS","B"
379,393,"RGEFFYCNTSKLFNS","C"
379,393,"RGEFFYCNTSGLFNS","M"
382,403,"FFYCNTTKLFNSTCI","CRF01"
382,396,"FFYCNTTQLFNSTWN","B"
382,396,"FFYCNTSKLFNSTYN","C"
382,396,"FFYCNTSGLFNSTWN","M,A,D,CRF02"
385,406,"CNTTKLFNSTCIGNT","CRF01"
385,408,"CNTSGLFNSTWNNNT","M,CRF02"
385,403,"CNTTQLFNSTWNNNG","B"
385,408,"CNTSKLFNSTYNNT","C"
385,404,"CNTSGLFNSTWNNST","D"
388,409,"TKLFNSTCIGNTMEG","CRF01"
388,405,"SGLFNSTWNNNTTSS","CRF02"
388,405,"SGLFNSTWNNNTTES","A"
388,406,"TQLFNSTWNNNGTNN","B"
388,411,"SKLFNSTYNNTNSN","C"
388,407,"SGLFNSTWNNSTNST","D"
388,411,"SGLFNSTWNNNTNSN","M"
391,412,"FNSTCIGNTMEGCNG","CRF01"
391,408,"FNSTWNNNTTSSNST","CRF02"
391,408,"FNSTWNNNTTESNST","A"
391,409,"FNSTWNNNGTNNNTN","B"
391,414,"FNSTYNNTNSNSTI","C"
391,410,"FNSTWNNSTNSTTSN","D"
391,414,"FNSTWNNNTNSNDTI","M"
394,415,"TCIGNTMEGCNGTII","CRF01"
394,411,"TWNNNTTSSNSTNSN","CRF02"
394,411,"TWNNNTTESNSTESN","A"
394,412,"TWNNNGTNNNTNGND","B"
394,417,"TYNNTNSNSTITLP","C"
394,413,"TWNNSTNSTTSNNET","D"
394,417,"TWNNNTNSNDTITLP","M"
404,418,"GNTMEGCNGTIILPC","CRF01"
406,420,"TMEGCNGTIILPCKI","CRF01"
397,414,"NNTTSSNSTNSNDTI","CRF02"
403,417,"TSSNSTNSNDTITLQ","CRF02"
406,420,"NSTNSNDTITLQCRI","CRF02"
397,414,"NNTTESNSTESNDTI","A"
403,417,"TESNSTESNDTITLP","A"
406,420,"NSTESNDTITLPCRI","A"
397,415,"NNGTNNNTNGNDTIT","B"
404,418,"TNNNTNGNDTITLPC","B"
406,420,"NNTNGNDTITLPCRI","B"
397,420,"NTNSNSTITLPCRI","C"
397,416,"NSTNSTTSNNETITL","D"
405,419,"NSTTSNNETITLPCR","D"
406,420,"STTSNNETITLPCRI","D"
397,420,"NNTNSNDTITLPCRI","M"
409,423,"GCNGTIILPCKIKQI","CRF01"
409,423,"NSNDTITLQCRIKQI","CRF02"
409,423,"ESNDTITLPCRIKQI","A"
409,423,"NGNDTITLPCRIKQI","B"
409,423,"NSNSTITLPCRIKQI","C"
409,423,"SNNETITLPCRIKQI","D"
409,423,"NSNDTITLPCRIKQI","M"
412,426,"GTIILPCKIKQIINM","CRF01"
412,426,"DTITLQCRIKQIVNM","CRF02"
412,426,"STITLPCRIKQIINM","C"
412,426,"ETITLPCRIKQIINM","D"
412,426,"DTITLPCRIKQIINM","M,A,B"
415,429,"ILPCKIKQIINMWQG","CRF01"
415,429,"TLQCRIKQIVNMWQR","CRF02"
415,429,"TLPCRIKQIINMWQE","B,C"
415,429,"TLPCRIKQIINMWQG","D"
415,429,"TLPCRIKQIINMWQR","M,A"
418,432,"CKIKQIINMWQGVGQ","CRF01"
418,432,"CRIKQIVNMWQRVGQ","CRF02"
418,432,"CRIKQIINMWQEVGK","B"
418,432,"CRIKQIINMWQEVGR","C"
418,432,"CRIKQIINMWQGVGK","D"
418,432,"CRIKQIINMWQRVGQ","M,A"
421,435,"KQIINMWQGVGQAMY","CRF01"
421,435,"KQIVNMWQRVGQAMY","CRF02"
421,435,"KQIINMWQEVGKAMY","B"
421,435,"KQIINMWQEVGRAMY","C"
421,435,"KQIINMWQGVGKAMY","D"
421,435,"KQIINMWQRVGQAMY","M,A"
424,438,"INMWQGVGQAMYAPP","CRF01"
424,438,"VNMWQRVGQAMYAPP","CRF02"
424,438,"INMWQEVGKAMYAPP","B"
424,438,"INMWQEVGRAMYAPP","C"
424,438,"INMWQGVGKAMYAPP","D"
424,438,"INMWQRVGQAMYAPP","M,A"
427,441,"WQGVGQAMYAPPISG","CRF01"
427,441,"WQRVGQAMYAPPIQG","A,CRF02"
427,441,"WQEVGKAMYAPPIRG","B"
427,441,"WQEVGRAMYAPPIAG","C"
427,441,"WQGVGKAMYAPPIEG","D"
427,441,"WQRVGQAMYAPPIAG","M"
430,444,"VGQAMYAPPISGSIN","CRF01"
430,444,"VGQAMYAPPIQGEIR","CRF02"
430,444,"VGQAMYAPPIQGVIR","A"
430,444,"VGKAMYAPPIRGQIR","B"
430,444,"VGRAMYAPPIAGNIT","C"
430,444,"VGKAMYAPPIEGLIR","D"
430,444,"VGQAMYAPPIAGNIT","M"
433,447,"AMYAPPISGSINCVS","CRF01"
433,447,"AMYAPPIQGEIRCES","CRF02"
433,447,"AMYAPPIQGVIRCES","A"
433,447,"AMYAPPIRGQIRCSS","B"
433,447,"AMYAPPIAGNITCKS","C"
433,447,"AMYAPPIEGLIRCSS","D"
433,447,"AMYAPPIAGNITCSS","M"
436,450,"APPISGSINCVSNIT","CRF01"
436,450,"APPIQGEIRCESNIT","CRF02"
436,450,"APPIQGVIRCESNIT","A"
436,450,"APPIRGQIRCSSNIT","B"
436,450,"APPIAGNITCKSNIT","C"
436,450,"APPIEGLIRCSSNIT","D"
436,450,"APPIAGNITCSSNIT","M"
439,453,"ISGSINCVSNITGIL","CRF01"
439,453,"IQGEIRCESNITGLL","CRF02"
439,453,"IQGVIRCESNITGLI","A"
439,453,"IRGQIRCSSNITGLL","B"
439,453,"IAGNITCKSNITGLL","C"
439,453,"IEGLIRCSSNITGLL","D"
439,453,"IAGNITCSSNITGLL","M"
442,456,"SINCVSNITGILLTR","CRF01"
442,456,"EIRCESNITGLLLTR","CRF02"
442,456,"VIRCESNITGLILTR","A"
442,456,"QIRCSSNITGLLLTR","B"
442,456,"NITCKSNITGLLLTR","C"
442,456,"LIRCSSNITGLLLTR","D"
442,456,"NITCSSNITGLLLTR","M"
445,459,"CVSNITGILLTRDGG","CRF01"
445,459,"CESNITGLLLTRDGG","CRF02"
445,459,"CESNITGLILTRDGG","A"
445,459,"CKSNITGLLLTRDGG","C"
445,459,"CSSNITGLLLTRDGG","M,B,D"
448,462,"NITGILLTRDGGNNN","CRF01"
448,462,"NITGLILTRDGGNNN","A"
448,462,"NITGLLLTRDGGNNN","M,B,C,D,CRF02"
451,465,"GILLTRDGGNNNNTN","CRF01"
451,465,"GLILTRDGGNNNSTN","A"
451,465,"GLLLTRDGGNNNNTT","B,C"
451,465,"GLLLTRDGGNNNSQN","D"
451,465,"GLLLTRDGGNNNSTN","M,CRF02"
454,468,"LTRDGGNNNNTNETF","CRF01"
454,468,"LTRDGGNNNNTTETF","B,C"
454,468,"LTRDGGNNNSQNETF","D"
454,468,"LTRDGGNNNSTNETF","M,A,CRF02"
457,471,"DGGNNNNTNETFRPG","CRF01"
457,471,"DGGNNNNTTETFRPG","B,C"
457,471,"DGGNNNSQNETFRPG","D"
457,471,"DGGNNNSTNETFRPG","M,A,CRF02"
460,474,"NNNNTNETFRPGGGN","CRF01"
460,474,"NNNNTTETFRPGGGD","B,C"
460,474,"NNNSQNETFRPGGGD","D"
460,474,"NNNSTNETFRPGGGD","M,A,CRF02"
463,477,"NTNETFRPGGGNIKD","CRF01"
463,477,"NTTETFRPGGGDMRD","B"
463,477,"NTTETFRPGGGDMKD","C"
463,477,"SQNETFRPGGGDMRD","D"
463,477,"STNETFRPGGGDMRD","M,A,CRF02"
466,480,"ETFRPGGGNIKDNWR","CRF01"
466,480,"ETFRPGGGDMKDNWR","C"
466,480,"ETFRPGGGDMRDNWR","M,A,B,D,CRF02"
469,483,"RPGGGNIKDNWRSEL","CRF01"
469,483,"RPGGGDMKDNWRSEL","C"
469,483,"RPGGGDMRDNWRSEL","M,A,B,D,CRF02"
472,486,"GGNIKDNWRSELYKY","CRF01"
472,486,"GGDMKDNWRSELYKY","C"
472,486,"GGDMRDNWRSELYKY","M,A,B,D,CRF02"
475,489,"IKDNWRSELYKYKVV","CRF01"
475,489,"MKDNWRSELYKYKVV","C"
475,489,"MRDNWRSELYKYKVV","M,A,B,D,CRF02"
478,492,"NWRSELYKYKVVQIE","CRF01"
478,492,"NWRSELYKYKVVEIK","C"
478,492,"NWRSELYKYKVVRIE","D"
478,492,"NWRSELYKYKVVKIE","M,A,B,CRF02"
481,495,"SELYKYKVVQIEPLG","CRF01"
481,495,"SELYKYKVVEIKPLG","C"
481,495,"SELYKYKVVRIEPLG","D"
481,495,"SELYKYKVVKIEPLG","M,A,B,CRF02"
484,498,"YKYKVVQIEPLGIAP","CRF01"
484,498,"YKYKVVEIKPLGIAP","C"
484,498,"YKYKVVRIEPLGLAP","D"
484,498,"YKYKVVKIEPLGVAP","M,A,B,CRF02"
487,501,"KVVQIEPLGIAPTRA","CRF01"
487,501,"KVVKIEPLGVAPTHA","CRF02"
487,501,"KVVKIEPLGVAPTRA","A"
487,501,"KVVEIKPLGIAPTKA","C"
487,501,"KVVRIEPLGLAPTKA","D"
487,501,"KVVKIEPLGVAPTKA","M,B"
490,504,"QIEPLGIAPTRAKRR","CRF01"
490,504,"KIEPLGVAPTHAKRR","CRF02"
490,504,"KIEPLGVAPTRAKRR","A"
490,504,"EIKPLGIAPTKAKRR","C"
490,504,"RIEPLGLAPTKAKRR","D"
490,504,"KIEPLGVAPTKAKRR","M,B"
493,507,"PLGIAPTRAKRRVVE","CRF01"
493,507,"PLGVAPTHAKRRVVE","CRF02"
493,507,"PLGVAPTRAKRRVVE","A"
493,507,"PLGVAPTKAKRRVVQ","B"
493,507,"PLGIAPTKAKRRVVE","C"
493,507,"PLGLAPTKAKRRVVE","D"
493,507,"PLGVAPTKAKRRVVE","M"
496,510,"IAPTRAKRRVVEREK","CRF01"
496,510,"VAPTHAKRRVVEREK","CRF02"
496,510,"VAPTRAKRRVVEREK","A"
496,510,"VAPTKAKRRVVQREK","B"
496,510,"IAPTKAKRRVVEREK","C"
496,510,"LAPTKAKRRVVEREK","D"
496,510,"VAPTKAKRRVVEREK","M"
499,513,"THAKRRVVEREKRAV","CRF02"
499,513,"TRAKRRVVEREKRAV","A,CRF01"
499,513,"TKAKRRVVQREKRAV","B"
499,513,"TKAKRRVVEREKRAI","D"
499,513,"TKAKRRVVEREKRAV","M,C"
502,516,"KRRVVEREKRAVGLG","CRF02"
502,516,"KRRVVQREKRAVGIG","B"
502,516,"KRRVVEREKRAIGLG","D"
502,516,"KRRVVEREKRAVGIG","M,A,C,CRF01"
505,519,"VVEREKRAVGIGAMI","CRF01"
505,519,"VVEREKRAVGLGAVF","CRF02"
505,519,"VVQREKRAVGIGAMF","B"
505,519,"VVEREKRAIGLGAMF","D"
505,519,"VVEREKRAVGIGAVF","M,A,C"
508,522,"REKRAVGIGAMIFGF","CRF01"
508,522,"REKRAVGLGAVFLGF","CRF02"
508,522,"REKRAVGIGAMFLGF","B"
508,522,"REKRAIGLGAMFLGF","D"
508,522,"REKRAVGIGAVFLGF","M,A,C"
511,525,"RAVGIGAMIFGFLGA","CRF01"
511,525,"RAVGLGAVFLGFLGA","CRF02"
511,525,"RAVGIGAMFLGFLGA","B"
511,525,"RAIGLGAMFLGFLGA","D"
511,525,"RAVGIGAVFLGFLGA","M,A,C"
514,528,"GIGAMIFGFLGAAGS","CRF01"
514,528,"GLGAVFLGFLGAAGS","CRF02"
514,528,"GIGAMFLGFLGAAGS","B"
514,528,"GLGAMFLGFLGAAGS","D"
514,528,"GIGAVFLGFLGAAGS","M,A,C"
517,531,"AMIFGFLGAAGSTMG","CRF01"
517,531,"AMFLGFLGAAGSTMG","B,D"
517,531,"AVFLGFLGAAGSTMG","M,A,C,CRF02"
520,534,"FGFLGAAGSTMGAAS","CRF01"
520,534,"LGFLGAAGSTMGAAS","M,A,B,C,D,CRF02"
523,537,"LGAAGSTMGAASMTL","B"
523,537,"LGAAGSTMGAASLTL","D"
523,537,"LGAAGSTMGAASITL","M,A,C,CRF01,CRF02"
526,540,"AGSTMGAASMTLTVQ","B"
526,540,"AGSTMGAASLTLTVQ","D"
526,540,"AGSTMGAASITLTVQ","M,A,C,CRF01,CRF02"
529,543,"TMGAASMTLTVQARQ","B"
529,543,"TMGAASLTLTVQARQ","D"
529,543,"TMGAASITLTVQARQ","M,A,C,CRF01,CRF02"
532,546,"AASMTLTVQARQLLS","B"
532,546,"AASLTLTVQARQLLS","D"
532,546,"AASITLTVQARQLLS","M,A,C,CRF01,CRF02"
535,549,"MTLTVQARQLLSGIV","B"
535,549,"LTLTVQARQLLSGIV","D"
535,549,"ITLTVQARQLLSGIV","M,A,C,CRF01,CRF02"
538,552,"TVQARQLLSGIVQQQ","M,A,B,C,D,CRF01,CRF02"
541,555,"ARQLLSGIVQQQNNL","B,D"
541,555,"ARQLLSGIVQQQSNL","M,A,C,CRF01,CRF02"
544,558,"LLSGIVQQQNNLLRA","B,D"
544,558,"LLSGIVQQQSNLLRA","M,A,C,CRF01,CRF02"
547,561,"GIVQQQNNLLRAIEA","B,D"
547,561,"GIVQQQSNLLRAIEA","M,A,C,CRF01,CRF02"
550,564,"QQQNNLLRAIEAQQH","B,D"
550,564,"QQQSNLLRAIEAQQH","M,A,C,CRF01,CRF02"
553,567,"SNLLRAIEAQQHLLK","A,CRF02"
553,567,"NNLLRAIEAQQHLLQ","B,D"
553,567,"SNLLRAIEAQQHMLQ","C"
553,567,"SNLLRAIEAQQHLLQ","M,CRF01"
556,570,"LRAIEAQQHLLKLTV","A,CRF02"
556,570,"LRAIEAQQHMLQLTV","C"
556,570,"LRAIEAQQHLLQLTV","M,B,D,CRF01"
559,573,"IEAQQHLLKLTVWGI","A,CRF02"
559,573,"IEAQQHMLQLTVWGI","C"
559,573,"IEAQQHLLQLTVWGI","M,B,D,CRF01"
562,576,"QQHLLKLTVWGIKQL","A,CRF02"
562,576,"QQHMLQLTVWGIKQL","C"
562,576,"QQHLLQLTVWGIKQL","M,B,D,CRF01"
565,579,"LLKLTVWGIKQLQAR","A,CRF02"
565,579,"MLQLTVWGIKQLQAR","C"
565,579,"LLQLTVWGIKQLQAR","M,B,D,CRF01"
568,582,"LTVWGIKQLQARVLA","M,A,B,C,D,CRF01,CRF02"
571,585,"WGIKQLQARVLALER","CRF02"
571,585,"WGIKQLQARVLAIER","C"
571,585,"WGIKQLQARVLAVER","M,A,B,D,CRF01"
574,588,"KQLQARVLALERYLR","CRF02"
574,588,"KQLQARVLAIERYLK","C"
574,588,"KQLQARVLAVERYLK","M,A,B,D,CRF01"
577,591,"QARVLAVERYLKDQK","CRF01"
577,591,"QARVLALERYLRDQQ","CRF02"
577,591,"QARVLAIERYLKDQQ","C"
577,591,"QARVLAVERYLKDQQ","M,A,B,D"
580,594,"VLAVERYLKDQKFLG","CRF01"
580,594,"VLALERYLRDQQLLG","CRF02"
580,594,"VLAIERYLKDQQLLG","C"
580,594,"VLAVERYLKDQQLLG","M,A,B,D"
583,597,"VERYLKDQKFLGLWG","CRF01"
583,597,"LERYLRDQQLLGIWG","CRF02"
583,597,"IERYLKDQQLLGIWG","C"
583,597,"VERYLKDQQLLGIWG","M,A,B,D"
586,600,"YLKDQKFLGLWGCSG","CRF01"
586,600,"YLRDQQLLGIWGCSG","CRF02"
586,600,"YLKDQQLLGIWGCSG","M,A,B,C,D"
589,603,"DQKFLGLWGCSGKII","CRF01"
589,603,"DQQLLGIWGCSGKHI","D"
589,603,"DQQLLGIWGCSGKLI","M,A,B,C,CRF02"
592,606,"FLGLWGCSGKIICTT","CRF01"
592,606,"LLGIWGCSGKHICTT","D"
592,606,"LLGIWGCSGKLICTT","M,A,B,C,CRF02"
595,609,"LWGCSGKIICTTAVP","CRF01"
595,609,"IWGCSGKLICTTTVP","CRF02"
595,609,"IWGCSGKLICTTAVP","B,C"
595,609,"IWGCSGKHICTTTVP","D"
595,609,"IWGCSGKLICTTNVP","M,A"
598,612,"CSGKIICTTAVPWNS","CRF01"
598,612,"CSGKLICTTTVPWNS","CRF02"
598,612,"CSGKLICTTAVPWNA","B"
598,612,"CSGKLICTTAVPWNS","C"
598,612,"CSGKHICTTTVPWNS","D"
598,612,"CSGKLICTTNVPWNS","M,A"
601,615,"KIICTTAVPWNSTWS","CRF01"
601,615,"KLICTTTVPWNSSWS","CRF02"
601,615,"KLICTTAVPWNASWS","B"
601,615,"KLICTTAVPWNSSWS","C"
601,615,"KHICTTTVPWNSSWS","D"
601,615,"KLICTTNVPWNSSWS","M,A"
604,618,"CTTAVPWNSTWSNKS","CRF01"
604,618,"CTTTVPWNSSWSNKT","CRF02"
604,618,"CTTAVPWNASWSNKS","B"
604,618,"CTTAVPWNSSWSNKS","C"
604,618,"CTTTVPWNSSWSNKS","D"
604,618,"CTTNVPWNSSWSNKS","M,A"
607,621,"AVPWNSTWSNKSYEE","CRF01"
607,621,"TVPWNSSWSNKTYND","CRF02"
607,621,"NVPWNSSWSNKSQSE","A"
607,621,"AVPWNASWSNKSLDE","B"
607,621,"AVPWNSSWSNKSQTD","C"
607,621,"TVPWNSSWSNKSLDE","D"
607,621,"NVPWNSSWSNKSQDE","M"
610,624,"WNSTWSNKSYEEIWN","CRF01"
610,624,"WNSSWSNKTYNDIWD","CRF02"
610,624,"WNSSWSNKSQSEIWD","A"
610,624,"WNASWSNKSLDEIWD","B"
610,624,"WNSSWSNKSQTDIWD","C"
610,624,"WNSSWSNKSLDEIWN","D"
610,624,"WNSSWSNKSQDEIWD","M"
613,627,"TWSNKSYEEIWNNMT","CRF01"
613,627,"SWSNKTYNDIWDNMT","CRF02"
613,627,"SWSNKSQSEIWDNMT","A"
613,627,"SWSNKSLDEIWDNMT","B"
613,627,"SWSNKSQTDIWDNMT","C"
613,627,"SWSNKSLDEIWNNMT","D"
613,627,"SWSNKSQDEIWDNMT","M"
616,630,"NKSYEEIWNNMTWIE","CRF01"
616,630,"NKTYNDIWDNMTWLQ","CRF02"
616,630,"NKSQSEIWDNMTWLQ","A"
616,630,"NKSLDEIWDNMTWME","B"
616,630,"NKSQTDIWDNMTWMQ","C"
616,630,"NKSLDEIWNNMTWME","D"
616,630,"NKSQDEIWDNMTWME","M"
619,633,"YEEIWNNMTWIEWER","CRF01"
619,633,"YNDIWDNMTWLQWDK","CRF02"
619,633,"QSEIWDNMTWLQWDK","A"
619,633,"LDEIWDNMTWMEWER","B"
619,633,"QTDIWDNMTWMQWDR","C"
619,633,"LDEIWNNMTWMEWER","D"
619,633,"QDEIWDNMTWMEWER","M"
622,636,"IWNNMTWIEWEREIS","CRF01"
622,636,"IWDNMTWLQWDKEIS","A,CRF02"
622,636,"IWDNMTWMEWEREID","B"
622,636,"IWDNMTWMQWDREIS","C"
622,636,"IWNNMTWMEWEREID","D"
622,636,"IWDNMTWMEWEREIS","M"
625,639,"NMTWIEWEREISNYT","CRF01"
625,639,"NMTWLQWDKEISNYT","A,CRF02"
625,639,"NMTWMEWEREIDNYT","B,D"
625,639,"NMTWMQWDREISNYT","C"
625,639,"NMTWMEWEREISNYT","M"
628,642,"WIEWEREISNYTNQI","CRF01"
628,642,"WLQWDKEISNYTNII","CRF02"
628,642,"WLQWDKEISNYTQII","A"
628,642,"WMEWEREIDNYTGLI","B,D"
628,642,"WMQWDREISNYTDTI","C"
628,642,"WMEWEREISNYTQQI","M"
631,645,"WEREISNYTNQIYEI","CRF01"
631,645,"WDKEISNYTNIIYNL","CRF02"
631,645,"WDKEISNYTQIIYNL","A"
631,645,"WEREIDNYTGLIYTL","B"
631,645,"WDREISNYTDTIYRL","C"
631,645,"WEREIDNYTGLIYSL","D"
631,645,"WEREISNYTQQIYRL","M"
634,648,"EISNYTNQIYEILTE","CRF01"
634,648,"EISNYTNIIYNLIEE","CRF02"
634,648,"EISNYTQIIYNLIEE","A"
634,648,"EIDNYTGLIYTLIEE","B"
634,648,"EISNYTDTIYRLLED","C"
634,648,"EIDNYTGLIYSLIEE","D"
634,648,"EISNYTQQIYRLIEE","M"
637,651,"NYTNQIYEILTESQN","CRF01"
637,651,"NYTNIIYNLIEESQN","CRF02"
637,651,"NYTQIIYNLIEESQN","A"
637,651,"NYTGLIYTLIEESQN","B"
637,651,"NYTDTIYRLLEDSQN","C"
637,651,"NYTGLIYSLIEESQT","D"
637,651,"NYTQQIYRLIEESQN","M"
640,654,"NQIYEILTESQNQQD","CRF01"
640,654,"NIIYNLIEESQNQQE","CRF02"
640,654,"QIIYNLIEESQNQQE","A"
640,654,"GLIYTLIEESQNQQE","B"
640,654,"DTIYRLLEDSQNQQE","C"
640,654,"GLIYSLIEESQTQQE","D"
640,654,"QQIYRLIEESQNQQE","M"
643,657,"YEILTESQNQQDRNE","CRF01"
643,657,"YNLIEESQNQQEKNE","A,CRF02"
643,657,"YTLIEESQNQQEKNE","B"
643,657,"YRLLEDSQNQQEKNE","C"
643,657,"YSLIEESQTQQEKNE","D"
643,657,"YRLIEESQNQQEKNE","M"
646,660,"LTESQNQQDRNEKDL","CRF01"
646,660,"IEESQNQQEKNEQEL","B"
646,660,"LEDSQNQQEKNEKDL","C"
646,660,"IEESQTQQEKNEQEL","D"
646,660,"IEESQNQQEKNEQDL","M,A,CRF02"
649,663,"SQNQQDRNEKDLLEL","CRF01"
649,663,"SQNQQEKNEQELLEL","B"
649,663,"SQNQQEKNEKDLLAL","C"
649,663,"SQTQQEKNEQELLQL","D"
649,663,"SQNQQEKNEQDLLAL","M,A,CRF02"
652,666,"QQDRNEKDLLELDKW","CRF01"
652,666,"QQEKNEQELLELDKW","B"
652,666,"QQEKNEKDLLALDSW","C"
652,666,"QQEKNEQELLQLDKW","D"
652,666,"QQEKNEQDLLALDKW","M,A,CRF02"
655,669,"RNEKDLLELDKWASL","CRF01"
655,669,"KNEQDLLALDKWANL","A"
655,669,"KNEQELLELDKWASL","B"
655,669,"KNEKDLLALDSWKNL","C"
655,669,"KNEQELLQLDKWASL","D"
655,669,"KNEQDLLALDKWASL","M,CRF02"
658,672,"KDLLELDKWASLWNW","CRF01"
658,672,"QDLLALDKWANLWNW","A"
658,672,"QELLELDKWASLWNW","B"
658,672,"KDLLALDSWKNLWNW","C"
658,672,"QELLQLDKWASLWNW","D"
658,672,"QDLLALDKWASLWNW","M,CRF02"
661,675,"LALDKWANLWNWFDI","A"
661,675,"LELDKWASLWNWFDI","B,CRF01"
661,675,"LALDSWKNLWNWFDI","C"
661,675,"LQLDKWASLWNWFSI","D"
661,675,"LALDKWASLWNWFDI","M,CRF02"
664,678,"DKWANLWNWFDISNW","A"
664,678,"DSWKNLWNWFDITNW","C"
664,678,"DKWASLWNWFSITKW","D"
664,678,"DKWASLWNWFDITNW","M,B,CRF01,CRF02"
667,681,"ANLWNWFDISNWLWY","A"
667,681,"KNLWNWFDITNWLWY","C"
667,681,"ASLWNWFSITKWLWY","D"
667,681,"ASLWNWFDITNWLWY","M,B,CRF01,CRF02"
670,684,"WNWFDISNWLWYIKI","A"
670,684,"WNWFSITKWLWYIKI","D"
670,684,"WNWFDITNWLWYIKI","M,B,C,CRF01,CRF02"
673,687,"FDISNWLWYIKIFIM","A"
673,687,"FSITKWLWYIKIFIM","D"
673,687,"FDITNWLWYIKIFIM","M,B,C,CRF01,CRF02"
676,690,"SNWLWYIKIFIMIVG","A"
676,690,"TKWLWYIKIFIMIVG","D"
676,690,"TNWLWYIKIFIMIVG","M,B,C,CRF01,CRF02"
679,693,"LWYIKIFIMIVGGLI","M,A,B,C,D,CRF01,CRF02"
682,696,"IKIFIMIVGGLIGLR","M,A,B,C,D,CRF01,CRF02"
685,699,"FIMIVGGLIGLRIIF","C,CRF01"
685,699,"FIMIVGGLIGLRIVF","M,A,B,D,CRF02"
688,702,"IVGGLIGLRIIFAVL","C,CRF01"
688,702,"IVGGLIGLRIVFAVL","M,A,B,D,CRF02"
691,705,"GLIGLRIVFAVLTII","CRF02"
691,705,"GLIGLRIVFAVLSII","A"
691,705,"GLIGLRIIFAVLSIV","C,CRF01"
691,705,"GLIGLRIVFAVLSLV","D"
691,705,"GLIGLRIVFAVLSIV","M,B"
694,708,"GLRIVFAVLTIINRV","CRF02"
694,708,"GLRIVFAVLSIINRV","A"
694,708,"GLRIIFAVLSIVNRV","C,CRF01"
694,708,"GLRIVFAVLSLVNRV","D"
694,708,"GLRIVFAVLSIVNRV","M,B"
697,711,"IVFAVLTIINRVRQG","CRF02"
697,711,"IVFAVLSIINRVRQG","A"
697,711,"IIFAVLSIVNRVRQG","C,CRF01"
697,711,"IVFAVLSLVNRVRQG","D"
697,711,"IVFAVLSIVNRVRQG","M,B"
700,714,"AVLTIINRVRQGYSP","CRF02"
700,714,"AVLSIINRVRQGYSP","A"
700,714,"AVLSLVNRVRQGYSP","D"
700,714,"AVLSIVNRVRQGYSP","M,B,C,CRF01"
703,717,"TIINRVRQGYSPLSF","CRF02"
703,717,"SIINRVRQGYSPLSF","A"
703,717,"SLVNRVRQGYSPLSF","D"
703,717,"SIVNRVRQGYSPLSF","M,B,C,CRF01"
706,720,"NRVRQGYSPLSFQTP","CRF01"
706,720,"NRVRQGYSPLSFQTH","A"
706,720,"NRVRQGYSPLSFQTR","B"
706,720,"NRVRQGYSPLSFQTL","M,C,D,CRF02"
709,723,"RQGYSPLSFQTPTHH","CRF01"
709,723,"RQGYSPLSFQTLTHH","CRF02"
709,723,"RQGYSPLSFQTHTPN","A"
709,723,"RQGYSPLSFQTRLPA","B"
709,723,"RQGYSPLSFQTLTPN","C"
709,723,"RQGYSPLSFQTLLPA","D"
709,723,"RQGYSPLSFQTLTPH","M"
712,726,"YSPLSFQTPTHHQRE","CRF01"
712,726,"YSPLSFQTLTHHQRE","CRF02"
712,726,"YSPLSFQTHTPNPRG","A"
712,726,"YSPLSFQTRLPAPRG","B"
712,726,"YSPLSFQTLTPNPRG","C"
712,726,"YSPLSFQTLLPAPRG","D"
712,726,"YSPLSFQTLTPHPRG","M"
715,729,"LSFQTPTHHQREPDR","CRF01"
715,729,"LSFQTLTHHQREPDR","CRF02"
715,729,"LSFQTHTPNPRGLDR","A"
715,729,"LSFQTRLPAPRGPDR","B"
715,729,"LSFQTLTPNPRGPDR","C"
715,729,"LSFQTLLPAPRGPDR","D"
715,729,"LSFQTLTPHPRGPDR","M"
718,732,"QTPTHHQREPDRPER","CRF01"
718,732,"QTLTHHQREPDRPER","CRF02"
718,732,"QTHTPNPRGLDRPGR","A"
718,732,"QTRLPAPRGPDRPEG","B"
718,732,"QTLTPNPRGPDRLGR","C"
718,732,"QTLLPAPRGPDRPEG","D"
718,732,"QTLTPHPRGPDRPER","M"
721,735,"THHQREPDRPERIEE","CRF01,CRF02"
721,735,"TPNPRGLDRPGRIEE","A"
721,735,"LPAPRGPDRPEGIEE","B,D"
721,735,"TPNPRGPDRLGRIEE","C"
721,735,"TPHPRGPDRPERIEE","M"
724,738,"QREPDRPERIEEGGG","CRF01,CRF02"
724,738,"PRGLDRPGRIEEEGG","A"
724,738,"PRGPDRPEGIEEEGG","B,D"
724,738,"PRGPDRLGRIEEEGG","C"
724,738,"PRGPDRPERIEEEGG","M"
727,741,"PDRPERIEEGGGEQG","CRF01"
727,741,"PDRPERIEEGGGEQD","CRF02"
727,741,"LDRPGRIEEEGGEQD","A"
727,741,"PDRPEGIEEEGGERD","B"
727,741,"PDRLGRIEEEGGEQD","C"
727,741,"PDRPEGIEEEGGEQG","D"
727,741,"PDRPERIEEEGGEQD","M"
730,744,"PERIEEGGGEQGRDR","CRF01"
730,744,"PERIEEGGGEQDRDR","CRF02"
730,744,"PGRIEEEGGEQDRDR","A"
730,744,"PEGIEEEGGERDRDR","B"
730,744,"LGRIEEEGGEQDRDR","C"
730,744,"PEGIEEEGGEQGRGR","D"
730,744,"PERIEEEGGEQDRDR","M"
733,747,"IEEGGGEQGRDRSVR","CRF01"
733,747,"IEEGGGEQDRDRSVR","CRF02"
733,747,"IEEEGGERDRDRSGR","B"
733,747,"IEEEGGEQGRGRSIR","D"
733,747,"IEEEGGEQDRDRSIR","M,A,C"
736,750,"GGGEQGRDRSVRLVS","CRF01"
736,750,"GGGEQDRDRSVRLVS","CRF02"
736,750,"EGGERDRDRSGRLVD","B"
736,750,"EGGEQGRGRSIRLVN","D"
736,750,"EGGEQDRDRSIRLVS","M,A,C"
739,753,"EQGRDRSVRLVSGFL","CRF01"
739,753,"EQDRDRSVRLVSGFL","CRF02"
739,753,"ERDRDRSGRLVDGFL","B"
739,753,"EQGRGRSIRLVNGFS","D"
739,753,"EQDRDRSIRLVSGFL","M,A,C"
742,756,"RDRSVRLVSGFLALA","CRF01,CRF02"
742,756,"RDRSGRLVDGFLALI","B"
742,756,"RGRSIRLVNGFSALI","D"
742,756,"RDRSIRLVSGFLALA","M,A,C"
745,759,"SVRLVSGFLALAWDD","CRF01,CRF02"
745,759,"SGRLVDGFLALIWVD","B"
745,759,"SIRLVNGFSALIWDD","D"
745,759,"SIRLVSGFLALAWDD","M,A,C"
748,762,"LVDGFLALIWVDLRS","B"
748,762,"LVNGFSALIWDDLRN","D"
748,762,"LVSGFLALAWDDLRS","M,A,C,CRF01,CRF02"
751,765,"GFLALIWVDLRSLCL","B"
751,765,"GFSALIWDDLRNLCL","D"
751,765,"GFLALAWDDLRSLCL","M,A,C,CRF01,CRF02"
754,768,"ALIWVDLRSLCLFSY","B"
754,768,"ALIWDDLRNLCLFSY","D"
754,768,"ALAWDDLRSLCLFSY","M,A,C,CRF01,CRF02"
757,771,"WVDLRSLCLFSYHRL","B"
757,771,"WDDLRNLCLFSYHRL","D"
757,771,"WDDLRSLCLFSYHRL","M,A,C,CRF01,CRF02"
760,774,"LRSLCLFSYHRLRDL","B"
760,774,"LRNLCLFSYHRLRDL","D"
760,774,"LRSLCLFSYHRLRDF","M,A,C,CRF01,CRF02"
763,777,"LCLFSYHRLRDFVLI","CRF02"
763,777,"LCLFSYHRLRDLLLI","B"
763,777,"LCLFSYHRLRDLILI","D"
763,777,"LCLFSYHRLRDFILI","M,A,C,CRF01"
766,780,"FSYHRLRDFVLIAAR","CRF02"
766,780,"FSYHRLRDLLLIVTR","B"
766,780,"FSYHRLRDLILIAAR","D"
766,780,"FSYHRLRDFILIAAR","M,A,C,CRF01"
769,783,"HRLRDFVLIAARTVE","CRF02"
769,783,"HRLRDLLLIVTRIVE","B"
769,783,"HRLRDFILIAARAVE","C"
769,783,"HRLRDLILIAARIVE","D"
769,783,"HRLRDFILIAARTVE","M,A,CRF01"
772,786,"RDFVLIAARTVELLG","CRF02"
772,786,"RDLLLIVTRIVELLG","B"
772,786,"RDFILIAARAVELLG","C"
772,786,"RDLILIAARIVELLG","D"
772,786,"RDFILIAARTVELLG","M,A,CRF01"
775,786,"VLIAARTVELLGHSS","CRF02"
775,786,"ILIAARTVELLGHSS","A,CRF01"
775,789,"LLIVTRIVELLGRRG","B"
775,786,"ILIAARAVELLGRSS","C"
775,789,"ILIAARIVELLGRRG","D"
775,786,"ILIAARTVELLGRSS","M"
778,786,"AARTVELLGHSSLKG","A,CRF01,CRF02"
778,792,"VTRIVELLGRRGWEA","B"
778,786,"AARAVELLGRSSLRG","C"
778,792,"AARIVELLGRRGWEA","D"
778,786,"AARTVELLGRSSLKG","M"
781,788,"TVELLGHSSLKGLRR","CRF01"
781,788,"TVELLGHSSLKGLRL","A,CRF02"
781,788,"AVELLGRSSLRGLQR","C"
781,788,"TVELLGRSSLKGLRR","M"
784,791,"LLGHSSLKGLRRGWE","CRF01"
784,791,"LLGHSSLKGLRLGWE","A,CRF02"
784,791,"LLGRSSLRGLQRGWE","C"
784,791,"LLGRSSLKGLRRGWE","M"
787,794,"HSSLKGLRRGWEGLK","CRF01"
787,794,"HSSLKGLRLGWEALK","CRF02"
787,794,"HSSLKGLRLGWEGLK","A"
781,795,"IVELLGRRGWEALKY","B"
787,794,"RSSLRGLQRGWEALK","C"
781,795,"IVELLGRRGWEAIKY","D"
787,794,"RSSLKGLRRGWEALK","M"
787,797,"LKGLRRGWEGLKYLG","CRF01"
787,797,"LKGLRLGWEALKYLG","CRF02"
787,797,"LKGLRLGWEGLKYLW","A"
784,798,"LLGRRGWEALKYWWN","B"
787,797,"LRGLQRGWEALKYLG","C"
784,798,"LLGRRGWEAIKYLWN","D"
787,797,"LKGLRRGWEALKYLW","M"
787,800,"LRRGWEGLKYLGNLL","CRF01"
787,800,"LRLGWEALKYLGNLL","CRF02"
787,800,"LRLGWEGLKYLWNLL","A"
787,800,"RRGWEALKYWWNLL","B"
787,800,"LQRGWEALKYLGSLV","C"
787,800,"RRGWEAIKYLWNLL","D"
787,800,"LRRGWEALKYLWNLL","M"
789,803,"GWEGLKYLGNLLLYW","CRF01"
789,803,"GWEALKYLGNLLSYW","CRF02"
789,803,"GWEGLKYLWNLLLYW","A"
789,803,"GWEALKYWWNLLQYW","B"
789,803,"GWEALKYLGSLVQYW","C"
789,803,"GWEAIKYLWNLLQYW","D"
789,803,"GWEALKYLWNLLQYW","M"
792,806,"GLKYLGNLLLYWGQE","CRF01"
792,806,"ALKYLGNLLSYWGQE","CRF02"
792,806,"GLKYLWNLLLYWGRE","A"
792,806,"ALKYWWNLLQYWSQE","B"
792,806,"ALKYLGSLVQYWGLE","C"
792,806,"AIKYLWNLLQYWIQE","D"
792,806,"ALKYLWNLLQYWGQE","M"
795,809,"YLGNLLLYWGQELKI","CRF01"
795,809,"YLGNLLSYWGQELKN","CRF02"
795,809,"YLWNLLLYWGRELKI","A"
795,809,"YWWNLLQYWSQELKN","B"
795,809,"YLGSLVQYWGLELKK","C"
795,809,"YLWNLLQYWIQELKN","D"
795,809,"YLWNLLQYWGQELKN","M"
798,812,"NLLLYWGQELKISAI","CRF01"
798,812,"NLLSYWGQELKNSAI","CRF02"
798,812,"NLLLYWGRELKISAI","A"
798,812,"NLLQYWSQELKNSAV","B"
798,812,"SLVQYWGLELKKSAI","C"
798,812,"NLLQYWIQELKNSAI","D"
798,812,"NLLQYWGQELKNSAI","M"
801,815,"LYWGQELKISAISLL","CRF01"
801,815,"SYWGQELKNSAINLL","CRF02"
801,815,"LYWGRELKISAINLL","A"
801,815,"QYWSQELKNSAVSLL","B"
801,815,"QYWGLELKKSAISLL","C"
801,815,"QYWIQELKNSAISLL","D"
801,815,"QYWGQELKNSAISLL","M"
804,818,"GQELKISAISLLDAT","CRF01"
804,818,"GQELKNSAINLLDTI","CRF02"
804,818,"GRELKISAINLLDTI","A"
804,818,"SQELKNSAVSLLNAT","B"
804,818,"GLELKKSAISLLDTI","C"
804,818,"IQELKNSAISLLDTT","D"
804,818,"GQELKNSAISLLDTT","M"
807,821,"LKISAISLLDATAIA","CRF01"
807,821,"LKNSAINLLDTIAIA","CRF02"
807,821,"LKISAINLLDTIAIA","A"
807,821,"LKNSAVSLLNATAIA","B"
807,821,"LKKSAISLLDTIAIA","C"
807,821,"LKNSAISLLDTTAIA","M,D"
810,824,"SAISLLDATAIAVAG","CRF01"
810,824,"SAINLLDTIAIAVAN","CRF02"
810,824,"SAINLLDTIAIAVAG","A"
810,824,"SAVSLLNATAIAVAE","B"
810,824,"SAISLLDTIAIAVAE","C"
810,824,"SAISLLDTTAIAVAE","M,D"
813,827,"SLLDATAIAVAGWTD","CRF01"
813,827,"NLLDTIAIAVANWTD","CRF02"
813,827,"NLLDTIAIAVAGWTD","A"
813,827,"SLLNATAIAVAEGTD","B"
813,827,"SLLDTIAIAVAEGTD","C"
813,827,"SLLDTTAIAVAEGTD","M,D"
816,830,"DATAIAVAGWTDRVI","CRF01"
816,830,"DTIAIAVANWTDRVI","CRF02"
816,830,"DTIAIAVAGWTDRVI","A"
816,830,"NATAIAVAEGTDRVI","B"
816,830,"DTIAIAVAEGTDRII","C"
816,830,"DTTAIAVAEGTDRVI","M,D"
819,833,"AIAVAGWTDRVIEVA","CRF01"
819,833,"AIAVANWTDRVIEIG","CRF02"
819,833,"AIAVAGWTDRVIEIG","A"
819,833,"AIAVAEGTDRVIEVV","B"
819,833,"AIAVAEGTDRIIELI","C"
819,833,"AIAVAEGTDRVIEIV","M,D"
822,836,"VAGWTDRVIEVAQRA","CRF01"
822,836,"VANWTDRVIEIGQRA","CRF02"
822,836,"VAGWTDRVIEIGQRI","A"
822,836,"VAEGTDRVIEVVQRA","B"
822,836,"VAEGTDRIIELIQRI","C"
822,836,"VAEGTDRVIEIVQRA","M,D"
825,839,"WTDRVIEVAQRAWRA","CRF01"
825,839,"WTDRVIEIGQRAGRA","CRF02"
825,839,"WTDRVIEIGQRIGRA","A"
825,839,"GTDRVIEVVQRAFRA","B"
825,839,"GTDRIIELIQRICRA","C"
825,839,"GTDRVIEIVQRAVRA","D"
825,839,"GTDRVIEIVQRAGRA","M"
828,842,"RVIEVAQRAWRAILH","CRF01"
828,842,"RVIEIGQRAGRAILN","CRF02"
828,842,"RVIEIGQRIGRAILH","A"
828,842,"RVIEVVQRAFRAILH","B"
828,842,"RIIELIQRICRAIRN","C"
828,842,"RVIEIVQRAVRAILN","D"
828,842,"RVIEIVQRAGRAILN","M"
831,845,"EVAQRAWRAILHIPR","CRF01"
831,845,"EIGQRAGRAILNIPR","CRF02"
831,845,"EIGQRIGRAILHIPR","A"
831,845,"EVVQRAFRAILHIPR","B"
831,845,"ELIQRICRAIRNIPR","C"
831,845,"EIVQRAVRAILNIPR","D"
831,845,"EIVQRAGRAILNIPR","M"
834,848,"QRAWRAILHIPRRIR","CRF01"
834,848,"QRIGRAILHIPRRIR","A"
834,848,"QRAFRAILHIPRRIR","B"
834,848,"QRICRAIRNIPRRIR","C"
834,848,"QRAVRAILNIPRRIR","D"
834,848,"QRAGRAILNIPRRIR","M,CRF02"
837,851,"WRAILHIPRRIRQGL","CRF01"
837,851,"GRAILHIPRRIRQGF","A"
837,851,"FRAILHIPRRIRQGL","B"
837,851,"CRAIRNIPRRIRQGF","C"
837,851,"VRAILNIPRRIRQGL","D"
837,851,"GRAILNIPRRIRQGL","M,CRF02"
840,854,"ILHIPRRIRQGFERA","A"
840,854,"ILHIPRRIRQGLERA","B,CRF01"
840,854,"IRNIPRRIRQGFEAA","C"
840,854,"ILNIPRRIRQGLERA","M,D,CRF02"
843,856,"IPRRIRQGFERALL","A"
843,856,"IPRRIRQGFEAALL","C"
843,856,"IPRRIRQGLERALL","M,B,D,CRF01,CRF02"
